Fresh vegetables,Condiments / Sauces,Baked goods,Personal care,Cleaning products,Fresh fruits,Baby stuff
? Asparagus,? BBQ sauce,? Bagels / Croissants,? Antiperspirant / Deodorant,? Air freshener,? Apples,? Baby food
? Broccoli,? Gravy,? Buns / Rolls,? Bath soap / Hand soap,? Bathroom cleaner,? Avocados,? Diapers
? Carrots,? Honey,? Cake / Cookies,? Condoms / Other b.c.,? Bleach / Detergent,? Bananas,? Formula
? Cauliflower,? Hot sauce,? Donuts / Pastries,? Cosmetics,? Dish / Dishwasher soap,? Berries,? Lotion
? Celery,? Jam / Jelly / Preserves,? Fresh bread,? Cotton swabs / Balls,? Garbage bags,? Cherries,? Baby wash
? Corn,? Ketchup / Mustard,? Pie! Pie! Pie!,? Facial cleanser,? Glass cleaner,? Grapefruit,? Wipes
? Cucumbers,? Mayonnaise,? Pita bread,? Facial tissue,? Mop head / Vacuum bags,? Grapes,
? Lettuce / Greens,? Pasta sauce,? Sliced bread,? Feminine products,? Sponges / Scrubbers,? Kiwis,
? Mushrooms,? Relish,,? Floss,,? Lemons / Limes,
? Onions,? Salad dressing,,? Hair gel / Spray,,? Melon,
? Peppers,? Salsa,,? Lip balm,,? Nectarines,
? Potatoes,? Soy sauce,,? Moisturizing lotion,,? Oranges,
? Spinach,? Steak sauce,,? Mouthwash,,? Peaches,
? Squash,? Syrup,,? Razors / Shaving cream,,? Pears,
? Zucchini,? Worcestershire sauce,,? Shampoo / Conditioner,,? Plums,
? Tomatoes*,,,? Sunblock,,,
,,,? Toilet paper,,,
,,,? Toothpaste,,,
,,,? Vitamins / Supplements,,,
